gender,name.title,nameFirst,nameLast,location.street.number,location.street.name,city,state,country,location.postcode,email,login.username,dob.date,dob.age,registered.date,phone,cell,picture.large,picture.medium,picture.thumbnail,nat
female,Miss,Mahika,Kumar,7712,Tripolia Bazar,Warangal,Haryana,India,54860,mahika.kumar@example.com,lazytiger179,1960-11-08T01:09:47.847Z,62,2017-08-05T19:21:32.568Z,9023286145,7339389701,https://randomuser.me/api/portraits/women/72.jpg,https://randomuser.me/api/portraits/med/women/72.jpg,https://randomuser.me/api/portraits/thumb/women/72.jpg,IN
male,Mr,Imme,Webbink,7695,G N Schutterlaan,Brielle,Drenthe,Netherlands,5860 KP,imme.webbink@example.com,yellowtiger761,1998-02-11T11:18:24.251Z,24,2012-04-26T17:03:28.082Z,(0154) 057091,(06) 98897790,https://randomuser.me/api/portraits/men/2.jpg,https://randomuser.me/api/portraits/med/men/2.jpg,https://randomuser.me/api/portraits/thumb/men/2.jpg,NL
female,Mrs,Elisa,Deschamps,5812,Cours Charlemagne,Marseille,Cher,France,64998,elisa.deschamps@example.com,angrypeacock812,1952-10-28T11:53:10.958Z,70,2006-08-12T14:15:34.949Z,03-87-44-93-26,06-39-78-20-39,https://randomuser.me/api/portraits/women/63.jpg,https://randomuser.me/api/portraits/med/women/63.jpg,https://randomuser.me/api/portraits/thumb/women/63.jpg,FR
female,Miss,Albane,Vidal,2758,Avenue du Château,Bordeaux,Pyrénées-Atlantiques,France,63775,albane.vidal@example.com,goldenswan454,1988-03-31T14:01:56.913Z,34,2010-03-10T08:05:18.424Z,03-98-23-91-19,06-54-86-89-57,https://randomuser.me/api/portraits/women/50.jpg,https://randomuser.me/api/portraits/med/women/50.jpg,https://randomuser.me/api/portraits/thumb/women/50.jpg,FR
female,Ms,Susie,Morris,5362,Park Avenue,Peterborough,Kent,United Kingdom,M68 8NP,susie.morris@example.com,beautifulleopard184,1993-10-05T05:23:40.255Z,29,2010-07-24T08:34:52.469Z,015394 97230,07154 921157,https://randomuser.me/api/portraits/women/82.jpg,https://randomuser.me/api/portraits/med/women/82.jpg,https://randomuser.me/api/portraits/thumb/women/82.jpg,GB
male,Mr,Jatin,Belligatti,4505,China Bazaar Rd,Raurkela Industrial Township,Manipur,India,75634,jatin.belligatti@example.com,greenmouse647,1959-03-09T09:32:07.263Z,63,2012-12-22T00:11:02.185Z,8823968847,7515789491,https://randomuser.me/api/portraits/men/75.jpg,https://randomuser.me/api/portraits/med/men/75.jpg,https://randomuser.me/api/portraits/thumb/men/75.jpg,IN
female,Ms,Ester,de Souza,1973,Rua Tiradentes ,Trindade,Rio de Janeiro,Brazil,65147,ester.desouza@example.com,tinydog772,1963-04-17T19:27:10.584Z,59,2013-08-05T09:57:22.927Z,(43) 1926-9486,(91) 1195-8428,https://randomuser.me/api/portraits/women/69.jpg,https://randomuser.me/api/portraits/med/women/69.jpg,https://randomuser.me/api/portraits/thumb/women/69.jpg,BR
male,Mr,Mathew,Baker,3839,Main Road,Newcastle upon Tyne,North Yorkshire,United Kingdom,C22 6UP,mathew.baker@example.com,silverduck918,1987-06-23T01:13:27.625Z,35,2015-05-17T14:10:23.918Z,015396 80134,07829 645955,https://randomuser.me/api/portraits/men/45.jpg,https://randomuser.me/api/portraits/med/men/45.jpg,https://randomuser.me/api/portraits/thumb/men/45.jpg,GB
female,Madame,Katia,Adam,9222,Avenue Vauban,Schneisingen,Zug,Switzerland,1122,katia.adam@example.com,beautifulelephant881,1955-03-29T02:34:38.881Z,67,2020-01-30T18:31:41.567Z,079 121 69 01,076 486 99 75,https://randomuser.me/api/portraits/women/55.jpg,https://randomuser.me/api/portraits/med/women/55.jpg,https://randomuser.me/api/portraits/thumb/women/55.jpg,CH
female,Madame,Anne-Lise,Lefebvre,6509,Rue D'Abbeville,Greng,Thurgau,Switzerland,5796,anne-lise.lefebvre@example.com,silvermeercat711,1967-12-24T06:34:11.610Z,55,2005-05-31T10:29:14.942Z,077 163 72 98,075 427 05 17,https://randomuser.me/api/portraits/women/7.jpg,https://randomuser.me/api/portraits/med/women/7.jpg,https://randomuser.me/api/portraits/thumb/women/7.jpg,CH
male,Mr,Özkan,Korol,2984,Atatürk Sk,Sivas,Kütahya,Turkey,31676,ozkan.korol@example.com,ticklishduck758,1945-11-26T20:26:56.149Z,77,2012-08-01T20:43:47.055Z,(616)-572-8476,(221)-240-3974,https://randomuser.me/api/portraits/men/99.jpg,https://randomuser.me/api/portraits/med/men/99.jpg,https://randomuser.me/api/portraits/thumb/men/99.jpg,TR
female,Mrs,Lana,Lecomte,5937,Place de L'Europe,Reims,Orne,France,16094,lana.lecomte@example.com,blackmeercat503,1981-03-27T17:01:39.118Z,41,2014-11-19T18:34:23.846Z,02-40-98-66-96,06-02-27-26-33,https://randomuser.me/api/portraits/women/19.jpg,https://randomuser.me/api/portraits/med/women/19.jpg,https://randomuser.me/api/portraits/thumb/women/19.jpg,FR
female,Ms,Magadara,Dumenko,701,Novoprozorivska,Lanivci,Rivnenska,Ukraine,22239,magadara.dumenko@example.com,lazybutterfly469,1965-01-04T06:07:59.981Z,58,2005-03-13T17:12:18.471Z,(096) J30-4132,(098) J02-3544,https://randomuser.me/api/portraits/women/66.jpg,https://randomuser.me/api/portraits/med/women/66.jpg,https://randomuser.me/api/portraits/thumb/women/66.jpg,UA
female,Mrs,Felicia,Jones,3634,W Dallas St,Tamworth,Western Australia,Australia,2408,felicia.jones@example.com,lazyfrog731,1978-07-20T09:59:04.140Z,44,2019-07-18T03:32:31.231Z,03-8549-5481,0458-377-760,https://randomuser.me/api/portraits/women/19.jpg,https://randomuser.me/api/portraits/med/women/19.jpg,https://randomuser.me/api/portraits/thumb/women/19.jpg,AU
female,Miss,سوگند,سلطانی نژاد,6980,داودی,آبادان,کهگیلویه و بویراحمد,Iran,39118,swgnd.sltnynjd@example.com,brownpanda185,1950-04-12T15:24:29.798Z,72,2004-05-28T20:03:37.589Z,061-64750811,0980-395-8016,https://randomuser.me/api/portraits/women/71.jpg,https://randomuser.me/api/portraits/med/women/71.jpg,https://randomuser.me/api/portraits/thumb/women/71.jpg,IR
female,Miss,Alice,Chen,3672,Stafford Street,Christchurch,Nelson,New Zealand,42898,alice.chen@example.com,angrymeercat630,1964-08-24T12:20:21.280Z,58,2013-01-19T15:55:49.189Z,(148)-023-6494,(689)-992-5546,https://randomuser.me/api/portraits/women/71.jpg,https://randomuser.me/api/portraits/med/women/71.jpg,https://randomuser.me/api/portraits/thumb/women/71.jpg,NZ
female,Mrs,Lorena,Gallego,8433,Calle de Ángel García,Valladolid,Andalucía,Spain,87743,lorena.gallego@example.com,silverbear750,1966-01-13T22:39:35.851Z,57,2005-11-24T10:04:36.360Z,909-883-970,695-184-470,https://randomuser.me/api/portraits/women/62.jpg,https://randomuser.me/api/portraits/med/women/62.jpg,https://randomuser.me/api/portraits/thumb/women/62.jpg,ES
male,Mr,Aaron,Terry,7271,Ash Dr,Adelaide,Queensland,Australia,1702,aaron.terry@example.com,beautifulmouse596,1955-07-04T06:48:26.189Z,67,2015-03-13T22:24:56.020Z,09-5634-8185,0407-309-562,https://randomuser.me/api/portraits/men/36.jpg,https://randomuser.me/api/portraits/med/men/36.jpg,https://randomuser.me/api/portraits/thumb/men/36.jpg,AU
male,Mr,حامد,کامروا,6466,پاسداران,اصفهان,لرستان,Iran,92158,hmd.khmrw@example.com,whitefrog516,1988-11-04T07:41:01.412Z,34,2012-10-18T18:30:35.799Z,058-11764709,0952-585-6874,https://randomuser.me/api/portraits/men/83.jpg,https://randomuser.me/api/portraits/med/men/83.jpg,https://randomuser.me/api/portraits/thumb/men/83.jpg,IR
female,Ms,Waldtraut,Greulich,7885,Uhlandstraße,Großenehrich,Baden-Württemberg,Germany,93058,waldtraut.greulich@example.com,silverladybug641,1962-12-27T04:33:46.493Z,60,2013-08-13T00:58:00.340Z,0980-4408331,0177-1342022,https://randomuser.me/api/portraits/women/48.jpg,https://randomuser.me/api/portraits/med/women/48.jpg,https://randomuser.me/api/portraits/thumb/women/48.jpg,DE
female,Miss,Wera,Sauermann,7648,Jahnstraße,Coesfeld,Schleswig-Holstein,Germany,57632,wera.sauermann@example.com,beautifulpanda680,1980-10-12T00:31:48.465Z,42,2022-01-27T11:43:26.803Z,0884-3202161,0177-5648521,https://randomuser.me/api/portraits/women/42.jpg,https://randomuser.me/api/portraits/med/women/42.jpg,https://randomuser.me/api/portraits/thumb/women/42.jpg,DE
female,Miss,Teresa,Palmer,3429,The Drive,Portlaoise,Cork City,Ireland,61511,teresa.palmer@example.com,lazybear570,1971-04-12T01:40:46.875Z,51,2003-03-06T23:12:09.069Z,011-105-3446,081-555-3507,https://randomuser.me/api/portraits/women/94.jpg,https://randomuser.me/api/portraits/med/women/94.jpg,https://randomuser.me/api/portraits/thumb/women/94.jpg,IE
male,Mr,Vernon,Wheeler,4131,Grange Road,Tuam,Laois,Ireland,26258,vernon.wheeler@example.com,tinybear777,1997-02-01T23:15:32.050Z,25,2013-02-24T17:17:24.267Z,031-966-6499,081-525-7426,https://randomuser.me/api/portraits/men/51.jpg,https://randomuser.me/api/portraits/med/men/51.jpg,https://randomuser.me/api/portraits/thumb/men/51.jpg,IE
male,Mr,Gavin,Caldwell,2969,Cork Street,Fermoy,Carlow,Ireland,19356,gavin.caldwell@example.com,brownbird140,1991-01-16T00:14:40.807Z,32,2004-10-30T09:49:53.124Z,021-684-2427,081-592-9126,https://randomuser.me/api/portraits/men/44.jpg,https://randomuser.me/api/portraits/med/men/44.jpg,https://randomuser.me/api/portraits/thumb/men/44.jpg,IE
female,Miss,Amelija,Groven,4217,Conradis gate,Stokke,Hordaland,Norway,3411,amelija.groven@example.com,tinygorilla685,1956-09-05T10:19:25.258Z,66,2006-05-22T11:28:54.760Z,51253757,93959068,https://randomuser.me/api/portraits/women/68.jpg,https://randomuser.me/api/portraits/med/women/68.jpg,https://randomuser.me/api/portraits/thumb/women/68.jpg,NO
male,Mr,Dave,Soto,9124,Oak Lawn Ave,Warrnambool,New South Wales,Australia,6469,dave.soto@example.com,organicpeacock155,1968-09-14T02:53:08.232Z,54,2017-05-30T00:51:13.370Z,03-8369-5763,0456-187-392,https://randomuser.me/api/portraits/men/57.jpg,https://randomuser.me/api/portraits/med/men/57.jpg,https://randomuser.me/api/portraits/thumb/men/57.jpg,AU
female,Mrs,Saheli,Kouser,7830,Old Jail Rd,Begusarai,Puducherry,India,55382,saheli.kouser@example.com,purplebutterfly861,1968-01-30T07:54:05.083Z,55,2002-11-25T20:11:10.296Z,8786022707,7312331063,https://randomuser.me/api/portraits/women/89.jpg,https://randomuser.me/api/portraits/med/women/89.jpg,https://randomuser.me/api/portraits/thumb/women/89.jpg,IN
female,Miss,Cheslava,Krupa,2069,Bulvar Igorya Shamo,Chop,Ternopilska,Ukraine,74725,cheslava.krupa@example.com,ticklishelephant300,1988-06-01T21:00:15.930Z,34,2014-01-31T16:04:52.234Z,(067) B35-9783,(099) T53-1605,https://randomuser.me/api/portraits/women/55.jpg,https://randomuser.me/api/portraits/med/women/55.jpg,https://randomuser.me/api/portraits/thumb/women/55.jpg,UA
female,Miss,Emma,Sagstad,1365,Svaleveien,Spongdal,Buskerud,Norway,3285,emma.sagstad@example.com,sadelephant997,1959-08-05T00:25:09.913Z,63,2016-05-23T00:55:33.668Z,68385912,40060992,https://randomuser.me/api/portraits/women/41.jpg,https://randomuser.me/api/portraits/med/women/41.jpg,https://randomuser.me/api/portraits/thumb/women/41.jpg,NO
female,Ms,Elsa,Saarinen,1223,Nordenskiöldinkatu,Pirkkala,Central Finland,Finland,48229,elsa.saarinen@example.com,sadostrich622,1975-07-27T21:34:15.874Z,47,2007-12-29T06:51:51.151Z,08-378-884,045-722-54-85,https://randomuser.me/api/portraits/women/49.jpg,https://randomuser.me/api/portraits/med/women/49.jpg,https://randomuser.me/api/portraits/thumb/women/49.jpg,FI
female,Miss,Ayah,Steunebrink,9368,Hooimijt,Echten,Overijssel,Netherlands,3149 MQ,ayah.steunebrink@example.com,ticklishmeercat991,1944-12-01T05:19:54.245Z,78,2016-06-09T22:24:44.406Z,(017) 4633438,(06) 21126192,https://randomuser.me/api/portraits/women/63.jpg,https://randomuser.me/api/portraits/med/women/63.jpg,https://randomuser.me/api/portraits/thumb/women/63.jpg,NL
male,Mr,Ekapad,Rajesh,792,Mall Rd,Adoni,Madhya Pradesh,India,85390,ekapad.rajesh@example.com,organicsnake911,1984-12-29T08:55:50.148Z,38,2002-11-17T21:41:20.277Z,9840175233,9984494154,https://randomuser.me/api/portraits/men/32.jpg,https://randomuser.me/api/portraits/med/men/32.jpg,https://randomuser.me/api/portraits/thumb/men/32.jpg,IN
male,Mr,Elias,Madsen,2855,Møllevænget,Støvring ,Sjælland,Denmark,57236,elias.madsen@example.com,silverfish765,1951-03-19T09:41:43.882Z,71,2021-12-09T04:22:38.803Z,82622340,50163448,https://randomuser.me/api/portraits/men/93.jpg,https://randomuser.me/api/portraits/med/men/93.jpg,https://randomuser.me/api/portraits/thumb/men/93.jpg,DK
female,Mrs,Oya,Evliyaoğlu,2203,Fatih Sultan Mehmet Cd,Antalya,Elazığ,Turkey,89289,oya.evliyaoglu@example.com,happykoala699,1986-11-30T01:55:15.623Z,36,2018-04-09T22:36:31.208Z,(621)-537-2856,(948)-355-2931,https://randomuser.me/api/portraits/women/39.jpg,https://randomuser.me/api/portraits/med/women/39.jpg,https://randomuser.me/api/portraits/thumb/women/39.jpg,TR
female,Mrs,Maeva,Macdonald,6816,Coastal Highway,Hudson,New Brunswick,Canada,F1C 2R7,maeva.macdonald@example.com,organicmouse572,1956-04-23T06:04:51.918Z,66,2006-01-31T20:47:21.682Z,V76 A43-0268,M03 W17-2425,https://randomuser.me/api/portraits/women/31.jpg,https://randomuser.me/api/portraits/med/women/31.jpg,https://randomuser.me/api/portraits/thumb/women/31.jpg,CA
male,Mr,Iker,Marín,8088,Calle de La Luna,Alcalá de Henares,Cantabria,Spain,43204,iker.marin@example.com,bluefrog405,1997-03-05T17:59:11.202Z,25,2019-04-09T23:47:20.627Z,991-184-504,684-708-611,https://randomuser.me/api/portraits/men/94.jpg,https://randomuser.me/api/portraits/med/men/94.jpg,https://randomuser.me/api/portraits/thumb/men/94.jpg,ES
female,Mrs,Lily,Campbell,9693,Woodlawn Avenue,Westport,Meath,Ireland,67946,lily.campbell@example.com,goldenlion606,1972-04-12T08:44:35.781Z,50,2015-08-10T10:02:25.586Z,051-631-3831,081-399-6871,https://randomuser.me/api/portraits/women/88.jpg,https://randomuser.me/api/portraits/med/women/88.jpg,https://randomuser.me/api/portraits/thumb/women/88.jpg,IE
female,Miss,Margarita,Vidal,3942,Calle de Alberto Aguilera,Orense,Región de Murcia,Spain,86405,margarita.vidal@example.com,tinypeacock133,1994-03-31T13:12:25.983Z,28,2015-06-27T17:21:14.666Z,960-075-379,635-485-243,https://randomuser.me/api/portraits/women/8.jpg,https://randomuser.me/api/portraits/med/women/8.jpg,https://randomuser.me/api/portraits/thumb/women/8.jpg,ES
male,Mr,Élson,Martins,7297,Rua São Luiz ,Botucatu,Rio Grande do Norte,Brazil,15168,elson.martins@example.com,beautifulladybug534,1972-01-12T06:43:31.807Z,51,2015-11-03T09:16:05.288Z,(95) 4777-7615,(02) 2404-1663,https://randomuser.me/api/portraits/men/59.jpg,https://randomuser.me/api/portraits/med/men/59.jpg,https://randomuser.me/api/portraits/thumb/men/59.jpg,BR
female,Miss,Enni,Wiitala,7648,Myllypuronkatu,Laitila,Kymenlaakso,Finland,42381,enni.wiitala@example.com,lazyleopard652,1950-01-22T15:51:41.614Z,73,2006-02-03T00:59:35.731Z,05-176-295,040-109-08-86,https://randomuser.me/api/portraits/women/54.jpg,https://randomuser.me/api/portraits/med/women/54.jpg,https://randomuser.me/api/portraits/thumb/women/54.jpg,FI
male,Mr,Ewen,Gaillard,2899,Route de Genas,Rueil-Malmaison,Guyane,France,23694,ewen.gaillard@example.com,organicfish733,1987-08-13T19:29:47.467Z,35,2014-08-18T02:17:15.004Z,05-94-24-20-54,06-76-70-94-82,https://randomuser.me/api/portraits/men/98.jpg,https://randomuser.me/api/portraits/med/men/98.jpg,https://randomuser.me/api/portraits/thumb/men/98.jpg,FR
male,Mr,Juan,Adams,7792,Patrick Street,Listowel,Carlow,Ireland,59336,juan.adams@example.com,goldenswan921,1988-05-24T21:04:12.633Z,34,2010-07-02T05:11:49.617Z,071-547-3822,081-783-1541,https://randomuser.me/api/portraits/men/67.jpg,https://randomuser.me/api/portraits/med/men/67.jpg,https://randomuser.me/api/portraits/thumb/men/67.jpg,IE
female,Miss,Mona,Tverå,9706,Wildenveybakken,Drag,Nordland,Norway,5174,mona.tvera@example.com,angrybird195,1999-02-16T09:08:58.431Z,23,2019-03-08T18:18:17.611Z,78091597,99414609,https://randomuser.me/api/portraits/women/41.jpg,https://randomuser.me/api/portraits/med/women/41.jpg,https://randomuser.me/api/portraits/thumb/women/41.jpg,NO
male,Mr,بردیا,علیزاده,1821,قائم مقام فراهانی,همدان,یزد,Iran,38178,brdy.aalyzdh@example.com,whiterabbit648,1999-08-15T15:51:58.480Z,23,2002-12-08T02:22:40.130Z,000-02154737,0921-462-4791,https://randomuser.me/api/portraits/men/96.jpg,https://randomuser.me/api/portraits/med/men/96.jpg,https://randomuser.me/api/portraits/thumb/men/96.jpg,IR
male,Mr,آراد,علیزاده,7114,فلاحی,خوی,آذربایجان شرقی,Iran,68347,ard.aalyzdh@example.com,greenlion109,1959-10-15T03:20:54.589Z,63,2021-08-09T10:33:56.100Z,067-65232559,0974-289-5031,https://randomuser.me/api/portraits/men/27.jpg,https://randomuser.me/api/portraits/med/men/27.jpg,https://randomuser.me/api/portraits/thumb/men/27.jpg,IR
male,Mr,Lionel,Wittek,1164,Kirchplatz,Rathenow,Saarland,Germany,18607,lionel.wittek@example.com,ticklishcat196,1948-12-04T11:14:27.506Z,74,2019-06-08T16:57:23.064Z,0152-4294531,0170-9072644,https://randomuser.me/api/portraits/men/47.jpg,https://randomuser.me/api/portraits/med/men/47.jpg,https://randomuser.me/api/portraits/thumb/men/47.jpg,DE
male,Mr,Kenzo,Leclerc,5451,Avenue Goerges Clémenceau,Bordeaux,Hautes-Pyrénées,France,59660,kenzo.leclerc@example.com,goldenlion569,1951-12-28T05:11:53.519Z,71,2004-01-06T10:09:00.910Z,05-15-13-44-95,06-92-89-47-53,https://randomuser.me/api/portraits/men/36.jpg,https://randomuser.me/api/portraits/med/men/36.jpg,https://randomuser.me/api/portraits/thumb/men/36.jpg,FR
male,Mr,Mitesh,Gamskar,4888,Rani No Hajiro,Akola,Daman and Diu,India,55759,mitesh.gamskar@example.com,sadostrich620,1980-09-15T03:34:20.422Z,42,2017-01-01T02:37:25.767Z,9850679358,8796573764,https://randomuser.me/api/portraits/men/15.jpg,https://randomuser.me/api/portraits/med/men/15.jpg,https://randomuser.me/api/portraits/thumb/men/15.jpg,IN
female,Miss,Christy,Reyes,5915,Spring St,Allen,Nevada,United States,19941,christy.reyes@example.com,tinywolf149,1959-10-23T01:19:20.654Z,63,2003-05-13T21:36:20.740Z,(311) 934-2387,(610) 505-1939,https://randomuser.me/api/portraits/women/5.jpg,https://randomuser.me/api/portraits/med/women/5.jpg,https://randomuser.me/api/portraits/thumb/women/5.jpg,US
female,Miss,Aldonza,Téllez,5910,Ampliación Guatemala,Jungapeo,Michoacan,Mexico,41129,aldonza.tellez@example.com,bluepanda347,1976-06-05T19:14:01.265Z,46,2022-01-01T12:37:58.903Z,(695) 070 1396,(606) 846 0366,https://randomuser.me/api/portraits/women/84.jpg,https://randomuser.me/api/portraits/med/women/84.jpg,https://randomuser.me/api/portraits/thumb/women/84.jpg,MX
